Region,Local Authority,Initial funding allocation,Number of hereditaments (businesses) that the local authority has identified may be in scope to receive a grant as at 19 Apil,Number of grant payments made to hereditaments (businesses) as at 19 April,Value of payments (£),% businesses paid,% amount paid,Average sum paid
E,Luton Borough Council,"£31,114,000",2465,267,"£3,255,000",10.83,10.46,"£12,191"
WM,Sandwell Metropolitan Borough Council,"£73,036,000",5887,626,"£7,955,000",10.63,10.89,"£12,708"
WM,Birmingham City Council,"£231,576,000",19146,1388,"£25,370,000",7.25,10.96,"£18,278"
SE,Havant Borough Council,"£25,004,000",1383,242,"£3,050,000",17.50,12.20,"£12,603"
SE,Slough Borough Council,"£17,988,000",1254,135,"£2,235,000",10.77,12.42,"£16,556"
EM,Nottingham City Council,"£63,436,000",5170,619,"£7,990,000",11.97,12.60,"£12,908"
WM,Dudley Metropolitan Borough Council,"£66,588,000",3952,648,"£8,610,000",16.40,12.93,"£13,287"
SE,Vale of White Horse District Council,"£17,810,000",1642,201,"£2,415,000",12.24,13.56,"£12,015"
EM,South Derbyshire District Council,"£15,240,000",1202,170,"£2,210,000",14.14,14.50,"£13,000"
SE,South Oxfordshire District Council,"£27,494,000",2320,253,"£4,195,000",10.91,15.26,"£16,581"
SE,Tunbridge Wells Borough Council,"£27,034,000",2036,215,"£4,385,000",10.56,16.22,"£20,395"
SE,Adur District Council,"£17,640,000",951,234,"£2,925,000",24.61,16.58,"£12,500"
NW,Manchester City Council,"£121,032,000",9561,1581,"£20,160,000",16.54,16.66,"£12,751"
NW,Barrow Borough Council,"£16,812,000",1301,237,"£2,805,000",18.22,16.68,"£11,835"
EM,Northampton Borough Council,"£37,374,000",2778,486,"£6,675,000",17.49,17.86,"£13,735"
E,Tendring District Council,"£80,270,000",3086,1416,"£15,570,000",45.88,19.40,"£10,996"
E,Maldon District Council,"£17,812,000",1373,270,"£3,525,000",19.66,19.79,"£13,056"
SE,Wokingham Borough Council,"£20,532,000",1948,252,"£4,080,000",12.94,19.87,"£16,190"
L,London Borough of Harrow,"£42,216,000",3320,464,"£8,510,000",13.98,20.16,"£18,341"
E,East Herts District Council,"£31,124,000",2549,393,"£6,390,000",15.42,20.53,"£16,260"
SE,Fareham Borough Council,"£20,180,000",1597,326,"£4,235,000",20.41,20.99,"£12,991"
SE,West Berkshire Council,"£29,314,000",2258,451,"£6,205,000",19.97,21.17,"£13,758"
SW,Mid Devon District Council,"£22,732,000",2561,511,"£4,815,000",19.95,21.18,"£9,423"
L,London Borough of Haringey,"£56,312,000",5947,719,"£12,125,000",12.09,21.53,"£16,864"
SE,Worthing Borough Council,"£26,130,000",1647,459,"£5,790,000",27.87,22.16,"£12,614"
SW,Dorset Council,"£133,770,000",10364,2479,"£30,610,000",23.92,22.88,"£12,348"
SW,North Devon Council,"£50,944,000",3782,1026,"£11,880,000",27.13,23.32,"£11,579"
E,Central Bedfordshire Council,"£45,742,000",3715,923,"£11,495,000",24.85,25.13,"£12,454"
SW,Torbay Council,"£47,490,000",3215,1158,"£12,165,000",36.02,25.62,"£10,505"
SW,Bath and North East Somerset Council,"£46,106,000",3381,834,"£12,030,000",24.67,26.09,"£14,424"
SE,Brighton and Hove City Council,"£82,884,000",5536,1207,"£22,135,000",21.80,26.71,"£18,339"
L,London Borough of Bromley,"£52,482,000",3316,870,"£14,760,000",26.24,28.12,"£16,966"
SW,"Bournemouth, Christchurch and Poole Borough Council","£128,802,000",6811,2746,"£36,865,000",40.32,28.62,"£13,425"
SE,Tandridge District Council,"£19,214,000",1587,435,"£5,535,000",27.41,28.81,"£12,724"
SE,Hart District Council,"£14,154,000",973,261,"£4,170,000",26.82,29.46,"£15,977"
L,London Borough of Lewisham,"£47,004,000",3643,1052,"£13,970,000",28.88,29.72,"£13,279"
L,London Borough of Hammersmith and Fulham,"£49,208,000",2874,789,"£14,715,000",27.45,29.90,"£18,650"
SE,Guildford Borough Council,"£21,256,000",1745,441,"£6,405,000",25.27,30.13,"£14,524"
NW,Preston City Council,"£34,970,000",2859,799,"£10,595,000",27.95,30.30,"£13,260"
L,London Borough of Hounslow,"£36,520,000",2541,666,"£11,085,000",26.21,30.35,"£16,644"
L,London Borough of Waltham Forest,"£54,066,000",3624,1083,"£16,755,000",29.88,30.99,"£15,471"
EM,Erewash Borough Council,"£24,906,000",2164,619,"£7,720,000",28.60,31.00,"£12,472"
NW,Sefton Council,"£61,942,000",3305,1663,"£19,480,000",50.32,31.45,"£11,714"
SE,Oxford City Council,"£25,300,000",1832,437,"£8,060,000",23.85,31.86,"£18,444"
EM,Corby Borough Council,"£11,516,000",1133,297,"£3,675,000",26.21,31.91,"£12,374"
YH,City of Bradford Metropolitan District Council,"£135,934,000",11662,3796,"£43,975,000",32.55,32.35,"£11,585"
SE,Bracknell Forest Council,"£10,360,000",931,236,"£3,395,000",25.35,32.77,"£14,386"
L,London Borough of Croydon,"£60,588,000",4218,1386,"£20,100,000",32.86,33.17,"£14,502"
YH,Sheffield City Council,"£113,068,000",9334,3223,"£37,765,000",34.53,33.40,"£11,717"
NW,Salford City Council,"£47,408,000",3866,1373,"£15,980,000",35.51,33.71,"£11,639"
EM,Derby City Council,"£45,866,000",3892,1278,"£15,945,000",32.84,34.76,"£12,477"
SE,Horsham District Council,"£29,522,000",2227,783,"£10,380,000",35.16,35.16,"£13,257"
SE,Maidstone Borough Council,"£27,608,000",2222,775,"£9,730,000",34.88,35.24,"£12,555"
L,London Borough of Bexley,"£36,438,000",2715,1047,"£12,855,000",38.56,35.28,"£12,278"
NW,Burnley Borough Council,"£26,510,000",2209,790,"£9,355,000",35.76,35.29,"£11,842"
EM,Oadby and Wigston Borough Council,"£10,212,000",706,288,"£3,615,000",40.79,35.40,"£12,552"
L,London Borough of Barking and Dagenham,"£26,938,000",2029,654,"£9,555,000",32.23,35.47,"£14,610"
WM,East Staffordshire Borough Council,"£27,084,000",2084,864,"£9,615,000",41.46,35.50,"£11,128"
SE,Rother District Council,"£33,814,000",2609,1011,"£12,075,000",38.75,35.71,"£11,944"
SE,Arun District Council,"£39,380,000",3281,1183,"£14,350,000",36.06,36.44,"£12,130"
YH,North Lincolnshire Council,"£37,242,000",3209,1281,"£13,710,000",39.92,36.81,"£10,703"
WM,Walsall Council,"£53,554,000",4350,1738,"£19,735,000",39.95,36.85,"£11,355"
E,East Suffolk Council,"£101,526,000",6625,3512,"£37,715,000",53.01,37.15,"£10,739"
SE,Swale Borough Council,"£32,646,000",2591,1026,"£12,150,000",39.60,37.22,"£11,842"
SE,Wealden District Council,"£47,942,000",4675,1523,"£17,915,000",32.58,37.37,"£11,763"
E,Southend-on-Sea Borough Council,"£47,454,000",3174,1495,"£17,800,000",47.10,37.51,"£11,906"
YH,Kirklees Council,"£113,650,000",9643,3869,"£42,680,000",40.12,37.55,"£11,031"
SE,Isle of Wight Council,"£62,688,000",5164,1940,"£23,585,000",37.57,37.62,"£12,157"
SE,Windsor and Maidenhead,"£28,638,000",2219,631,"£10,960,000",28.44,38.27,"£17,369"
E,East Cambridgeshire District Council,"£15,808,000",1321,515,"£6,125,000",38.99,38.75,"£11,893"
WM,City of Wolverhampton Council,"£53,518,000",4461,1857,"£20,985,000",41.63,39.21,"£11,300"
EM,East Lindsey District Council,"£62,172,000",4736,2047,"£24,430,000",43.22,39.29,"£11,935"
E,Norwich City Council,"£39,062,000",2872,921,"£15,480,000",32.07,39.63,"£16,808"
L,London Borough of Hillingdon,"£45,756,000",3321,1264,"£18,175,000",38.06,39.72,"£14,379"
WM,Newcastle Under Lyme Borough Council,"£23,876,000",2041,869,"£9,500,000",42.58,39.79,"£10,932"
SE,Milton Keynes Council,"£40,156,000",3027,1212,"£16,185,000",40.04,40.31,"£13,354"
NW,Liverpool City Council,"£107,810,000",9688,3385,"£43,885,000",34.94,40.71,"£12,965"
NW,Tameside Metropolitan Borough Council,"£53,810,000",4359,2038,"£22,150,000",46.75,41.16,"£10,868"
E,Fenland District Council,"£21,796,000",1867,830,"£9,110,000",44.46,41.80,"£10,976"
SE,Eastleigh Borough Council,"£18,154,000",1435,590,"£7,685,000",41.11,42.33,"£13,025"
NW,Cheshire East Council,"£95,514,000",7033,3028,"£40,585,000",43.05,42.49,"£13,403"
SW,South Gloucestershire Council,"£39,018,000",4056,1371,"£16,620,000",33.80,42.60,"£12,123"
WM,Coventry City Council,"£53,896,000",4562,1923,"£22,980,000",42.15,42.64,"£11,950"
SW,South Hams District Council,"£48,398,000",4026,1713,"£20,775,000",42.55,42.93,"£12,128"
SW,North Somerset Council,"£40,396,000",3466,1453,"£17,395,000",41.92,43.06,"£11,972"
E,Stevenage Borough Council,"£11,456,000",927,362,"£4,940,000",39.05,43.12,"£13,646"
L,London Borough of Brent,"£64,386,000",4411,1832,"£27,905,000",41.53,43.34,"£15,232"
NW,Fylde Council,"£21,662,000",1721,792,"£9,390,000",46.02,43.35,"£11,856"
EM,East Northamptonshire Council,"£17,942,000",1437,709,"£7,825,000",49.34,43.61,"£11,037"
SE,Spelthorne Borough Council,"£15,132,000",1124,540,"£6,600,000",48.04,43.62,"£12,222"
SE,Cherwell District Council,"£26,690,000",2165,889,"£11,650,000",41.06,43.65,"£13,105"
E,Peterborough City Council,"£34,450,000",2806,1243,"£15,040,000",44.30,43.66,"£12,100"
SW,Mendip District Council,"£32,678,000",2450,1124,"£14,270,000",45.88,43.67,"£12,696"
SE,Lewes District Council,"£25,884,000",1969,901,"£11,320,000",45.76,43.73,"£12,564"
WM,Stratford-on-Avon District Council,"£35,520,000",2792,1238,"£15,560,000",44.34,43.81,"£12,569"
EM,Ashfield District Council,"£22,284,000",1938,892,"£9,820,000",46.03,44.07,"£11,009"
L,City of London,"£14,740,000",1338,352,"£6,505,000",26.31,44.13,"£18,480"
NW,Bury Council,"£42,920,000",3426,1635,"£18,960,000",47.72,44.18,"£11,596"
SE,Canterbury City Council,"£48,240,000",2728,1628,"£21,380,000",59.68,44.32,"£13,133"
L,London Borough of Lambeth,"£57,500,000",3892,1839,"£25,500,000",47.25,44.35,"£13,866"
WM,Shropshire Council,"£91,670,000",7645,3559,"£40,720,000",46.55,44.42,"£11,441"
EM,Leicester City Council,"£85,352,000",6161,3247,"£37,915,000",52.70,44.42,"£11,677"
SE,Medway Council,"£39,712,000",2960,1415,"£17,675,000",47.80,44.51,"£12,491"
E,North Norfolk District Council,"£65,502,000",4970,2629,"£29,185,000",52.90,44.56,"£11,101"
EM,South Holland District Council,"£19,448,000",1730,740,"£8,780,000",42.77,45.15,"£11,865"
SW,Wiltshire Council,"£106,328,000",8761,4142,"£48,035,000",47.28,45.18,"£11,597"
EM,South Northamptonshire Council,"£17,146,000",1522,696,"£7,785,000",45.73,45.40,"£11,185"
SW,Cotswold District Council,"£37,464,000",2909,1359,"£17,070,000",46.72,45.56,"£12,561"
NW,Rossendale Borough Council,"£19,080,000",1646,806,"£8,720,000",48.97,45.70,"£10,819"
SE,Southampton City Council,"£40,738,000",3136,1405,"£18,745,000",44.80,46.01,"£13,342"
L,London Borough of Havering,"£40,532,000",2776,1392,"£18,660,000",50.14,46.04,"£13,405"
SE,Runnymede Borough Council,"£14,032,000",981,459,"£6,465,000",46.79,46.07,"£14,085"
L,London Borough of Barnet,"£65,756,000",4259,1759,"£30,340,000",41.30,46.14,"£17,248"
EM,Bassetlaw District Council,"£28,836,000",2215,1150,"£13,360,000",51.92,46.33,"£11,617"
L,London Borough of Redbridge,"£49,612,000",3636,1439,"£23,000,000",39.58,46.36,"£15,983"
WM,South Staffordshire District Council,"£19,146,000",1489,750,"£8,880,000",50.37,46.38,"£11,840"
SW,Sedgemoor District Council,"£30,730,000",3602,1208,"£14,285,000",33.54,46.49,"£11,825"
L,London Borough of Hackney,"£64,622,000",4598,1972,"£30,205,000",42.89,46.74,"£15,317"
SE,Mid Sussex District Council,"£26,882,000",2237,983,"£12,590,000",43.94,46.83,"£12,808"
E,St Albans City and District Council,"£23,696,000",1616,715,"£11,140,000",44.25,47.01,"£15,580"
NW,Wirral Council,"£63,562,000",5018,2722,"£30,520,000",54.24,48.02,"£11,212"
E,Bedford Borough Council,"£32,816,000",2862,1310,"£15,770,000",45.77,48.06,"£12,038"
NW,Lancaster City Council,"£37,616,000",3057,1608,"£18,090,000",52.60,48.09,"£11,250"
NW,Wigan Metropolitan Borough Council,"£80,860,000",4853,3486,"£39,255,000",71.83,48.55,"£11,261"
L,London Borough of Newham,"£58,660,000",4217,1899,"£28,500,000",45.03,48.59,"£15,008"
SE,Gravesham Borough Council,"£16,162,000",1186,715,"£7,870,000",60.29,48.69,"£11,007"
SW,Exeter City Council,"£25,082,000",2057,928,"£12,235,000",45.11,48.78,"£13,184"
E,Breckland Council,"£30,588,000",2508,1329,"£14,955,000",52.99,48.89,"£11,253"
E,Hertsmere Borough Council,"£19,162,000",1109,643,"£9,400,000",57.98,49.06,"£14,619"
YH,North East Lincolnshire Council,"£35,510,000",2492,1562,"£17,435,000",62.68,49.10,"£11,162"
EM,Blaby District Council,"£12,628,000",939,558,"£6,210,000",59.42,49.18,"£11,129"
NW,Trafford Council,"£47,538,000",3930,1856,"£23,390,000",47.23,49.20,"£12,602"
SE,Portsmouth City Council,"£41,322,000",3318,1654,"£20,335,000",49.85,49.21,"£12,294"
WM,Redditch Borough Council,"£14,518,000",1225,608,"£7,145,000",49.63,49.21,"£11,752"
E,Borough Council of Kings Lynn and West Norfolk,"£47,864,000",3749,1991,"£23,675,000",53.11,49.46,"£11,891"
SW,South Somerset District Council,"£41,444,000",2728,1717,"£20,500,000",62.94,49.46,"£11,939"
EM,Melton Borough Council,"£11,674,000",979,468,"£5,790,000",47.80,49.60,"£12,372"
E,Mid Suffolk District Council,"£21,726,000",1822,968,"£10,805,000",53.13,49.73,"£11,162"
EM,Gedling Borough Council,"£17,914,000",1479,750,"£8,925,000",50.71,49.82,"£11,900"
NW,St Helens Metropolitan Borough Council,"£31,668,000",2697,1395,"£15,810,000",51.72,49.92,"£11,333"
SW,Somerset West and Taunton Council,"£46,626,000",3943,1938,"£23,385,000",49.15,50.15,"£12,067"
NW,Blackburn with Darwen Borough Council,"£46,448,000",4205,2095,"£23,515,000",49.82,50.63,"£11,224"
E,Harlow Council,"£11,712,000",836,469,"£5,950,000",56.10,50.80,"£12,687"
SW,West Devon Borough Council,"£17,800,000",1465,752,"£9,065,000",51.33,50.93,"£12,055"
NW,Bolton Metropolitan Borough Council,"£68,092,000",5290,2880,"£34,725,000",54.44,51.00,"£12,057"
NW,West Lancashire Borough Council,"£22,450,000",1875,954,"£11,475,000",50.88,51.11,"£12,028"
NW,South Ribble Borough Council,"£20,888,000",1720,1075,"£10,750,000",62.50,51.46,"£10,000"
NW,Knowsley Council,"£19,636,000",1276,880,"£10,120,000",68.97,51.54,"£11,500"
YH,Rotherham Metropolitan Borough Council,"£51,660,000",3949,2343,"£26,670,000",59.33,51.63,"£11,383"
YH,Doncaster Council,"£64,402,000",5276,3000,"£33,285,000",56.86,51.68,"£11,095"
NE,Redcar and Cleveland Borough Council,"£29,084,000",2376,1331,"£15,035,000",56.02,51.70,"£11,296"
YH,Calderdale Council,"£65,570,000",5499,3020,"£33,905,000",54.92,51.71,"£11,227"
NW,Blackpool Council,"£59,124,000",4394,2688,"£30,600,000",61.17,51.76,"£11,384"
NE,Middlesbrough Council,"£25,926,000",2034,1154,"£13,430,000",56.74,51.80,"£11,638"
SE,Dover District Council,"£27,634,000",2040,1205,"£14,330,000",59.07,51.86,"£11,892"
WM,Bromsgrove District Council,"£21,222,000",1848,965,"£11,015,000",52.22,51.90,"£11,415"
EM,Derbyshire Dales District Council,"£36,296,000",2959,1618,"£18,880,000",54.68,52.02,"£11,669"
E,Babergh District Council,"£24,542,000",2072,1115,"£12,785,000",53.81,52.09,"£11,466"
EM,Bolsover District Council,"£14,216,000",1201,691,"£7,420,000",57.54,52.19,"£10,738"
NW,South Lakeland District Council,"£74,844,000",6280,3245,"£39,140,000",51.67,52.30,"£12,062"
SE,Thanet District Council,"£40,108,000",3036,1896,"£20,985,000",62.45,52.32,"£11,068"
SE,Eastbourne Borough Council,"£22,608,000",1725,935,"£11,870,000",54.20,52.50,"£12,695"
E,Basildon Council,"£27,454,000",1513,1089,"£14,445,000",71.98,52.62,"£13,264"
EM,Chesterfield Borough Council,"£27,698,000",2327,1280,"£14,615,000",55.01,52.77,"£11,418"
WM,Hereford City Council,"£60,482,000",5710,2935,"£32,020,000",51.40,52.94,"£10,910"
WM,Malvern Hills District Council,"£21,954,000",1684,1037,"£11,675,000",61.58,53.18,"£11,258"
SW,Teignbridge District Council,"£41,014,000",3393,1880,"£21,845,000",55.41,53.26,"£11,620"
WM,Solihull Metropolitan Borough Council,"£28,736,000",1907,1084,"£15,325,000",56.84,53.33,"£14,137"
SE,New Forest District Council,"£57,850,000",3608,2529,"£30,870,000",70.09,53.36,"£12,206"
NW,Eden District Council,"£27,014,000",2170,1265,"£14,435,000",58.29,53.44,"£11,411"
SE,Tonbridge and Malling Borough Council,"£18,674,000",1469,769,"£10,000,000",52.35,53.55,"£13,004"
SE,Woking Borough Council,"£14,912,000",1260,584,"£8,045,000",46.35,53.95,"£13,776"
SE,Epsom and Ewell Borough Council,"£11,576,000",811,444,"£6,270,000",54.75,54.16,"£14,122"
NW,Chorley Borough Council,"£24,784,000",1820,1187,"£13,430,000",65.22,54.19,"£11,314"
WM,Cannock Chase District Council,"£23,864,000",1974,1150,"£13,045,000",58.26,54.66,"£11,343"
E,Watford Borough Council,"£17,288,000",1133,694,"£9,460,000",61.25,54.72,"£13,631"
NW,Oldham Metropolitan Borough Council,"£54,738,000",4523,2622,"£30,045,000",57.97,54.89,"£11,459"
SE,Crawley Borough Council,"£12,102,000",854,447,"£6,645,000",52.34,54.91,"£14,866"
SW,Forest of Dean District Council,"£24,170,000",2188,1246,"£13,285,000",56.95,54.96,"£10,662"
E,Colchester Borough Council,"£42,124,000",2808,1772,"£23,330,000",63.11,55.38,"£13,166"
SE,Rushmoor Borough Council,"£14,746,000",947,615,"£8,190,000",64.94,55.54,"£13,317"
SE,Buckinghamshire County Council,"£91,846,000",7582,3749,"£51,050,000",49.45,55.58,"£13,617"
NW,Pendle Borough Council,"£26,432,000",2308,1363,"£14,755,000",59.06,55.82,"£10,825"
SE,Waverley Borough Council,"£26,134,000",2498,1099,"£14,590,000",44.00,55.83,"£13,276"
NW,Stockport Metropolitan Borough Council,"£66,574,000",5502,3226,"£37,780,000",58.63,56.75,"£11,711"
SW,West Suffolk Council,"£38,778,000",2996,1846,"£22,030,000",61.62,56.81,"£11,934"
E,South Cambridgeshire District Council,"£25,150,000",1851,1210,"£14,290,000",65.37,56.82,"£11,810"
E,Uttlesford District Council,"£20,690,000",1734,967,"£11,800,000",55.77,57.03,"£12,203"
WM,Worcester City Council,"£21,070,000",1369,939,"£12,030,000",68.59,57.10,"£12,812"
E,North Hertfordshire District Council,"£27,702,000",2233,1230,"£15,855,000",55.08,57.23,"£12,890"
E,Thurrock Council,"£23,770,000",2047,1068,"£13,620,000",52.17,57.30,"£12,753"
SW,Tewkesbury Borough Council,"£17,176,000",1599,848,"£9,845,000",53.03,57.32,"£11,610"
NE,North Tyneside Council,"£38,490,000",5644,1932,"£22,095,000",34.23,57.40,"£11,436"
NE,Sunderland City Council,"£52,858,000",4317,2700,"£30,360,000",62.54,57.44,"£11,244"
WM,Stoke on Trent City Council,"£57,654,000",4811,2959,"£33,175,000",61.50,57.54,"£11,212"
WM,Rugby Borough Council,"£20,044,000",1609,908,"£11,585,000",56.43,57.80,"£12,759"
WM,Tamworth Borough Council,"£12,020,000",998,585,"£6,960,000",58.62,57.90,"£11,897"
L,Kingston upon Thames,"£30,646,000",2161,1234,"£17,755,000",57.10,57.94,"£14,388"
WM,Wychavon District Council,"£33,258,000",2555,1683,"£19,275,000",65.87,57.96,"£11,453"
EM,Mansfield District Council,"£20,310,000",1595,1019,"£11,780,000",63.89,58.00,"£11,560"
E,Welwyn Hatfield Borough Council,"£15,516,000",1110,642,"£9,045,000",57.84,58.29,"£14,089"
E,Gt Yarmouth Borough Council,"£35,808,000",3075,1850,"£20,960,000",60.16,58.53,"£11,330"
SW,Cheltenham Borough Council,"£24,560,000",1770,1165,"£14,380,000",65.82,58.55,"£12,343"
E,Rochford District Council,"£18,398,000",1620,886,"£10,780,000",54.69,58.59,"£12,167"
WM,Staffordshire Moorlands District Council,"£25,040,000",2079,1313,"£14,765,000",63.16,58.97,"£11,245"
EM,Charnwood Borough Council,"£32,544,000",2768,1525,"£19,240,000",55.09,59.12,"£12,616"
EM,High Peak Borough Council,"£29,126,000",2408,1547,"£17,285,000",64.24,59.35,"£11,173"
E,Brentwood Borough Council,"£15,552,000",1272,656,"£9,245,000",51.57,59.45,"£14,093"
YH,Richmondshire District Council,"£24,068,000",1992,1230,"£14,310,000",61.75,59.46,"£11,634"
YH,Craven District Council,"£26,844,000",2141,1349,"£15,980,000",63.01,59.53,"£11,846"
NW,Carlisle City Council,"£30,032,000",2283,1577,"£17,930,000",69.08,59.70,"£11,370"
L,London Borough of Tower Hamlets,"£78,818,000",5770,3171,"£47,160,000",54.96,59.83,"£14,872"
L,London Borough of Camden,"£70,150,000",4353,1755,"£42,090,000",40.32,60.00,"£23,983"
L,London Borough of Southwark,"£70,062,000",3863,2852,"£42,050,000",73.83,60.02,"£14,744"
WM,Stafford Borough Council,"£27,580,000",2298,1337,"£16,565,000",58.18,60.06,"£12,390"
SE,Gosport Borough Council,"£13,060,000",1085,675,"£7,855,000",62.21,60.15,"£11,637"
WM,Lichfield District Council,"£19,396,000",1563,967,"£11,680,000",61.87,60.22,"£12,079"
SW,Bristol City Council,"£88,338,000",8071,4126,"£53,305,000",51.12,60.34,"£12,919"
EM,Rushcliffe Borough Council,"£19,746,000",1605,1057,"£11,935,000",65.86,60.44,"£11,291"
EM,North West Leicestershire District Council,"£20,294,000",1757,1690,"£12,300,000",96.19,60.61,"£7,278"
NW,Allerdale Borough Council,"£42,194,000",3435,2135,"£25,580,000",62.15,60.62,"£11,981"
SW,Swindon Borough Council,"£31,116,000",2738,1516,"£18,910,000",55.37,60.77,"£12,474"
SW,East Devon District Council,"£50,136,000",4099,2625,"£30,585,000",64.04,61.00,"£11,651"
SW,Stroud District Council,"£26,386,000",2405,1439,"£16,130,000",59.83,61.13,"£11,209"
YH,Leeds City Council,"£162,244,000",12768,7912,"£99,205,000",61.97,61.15,"£12,539"
EM,Boston Borough Council,"£16,640,000",1377,878,"£10,175,000",63.76,61.15,"£11,589"
SE,Ashford Borough Council,"£30,262,000",2646,1546,"£18,505,000",58.43,61.15,"£11,970"
YH,Wakefield Metropolitan District Council,"£75,734,000",6052,4081,"£46,525,000",67.43,61.43,"£11,400"
E,Dacorum Borough Council,"£26,300,000",2039,1185,"£16,170,000",58.12,61.48,"£13,646"
E,Three Rivers District Council,"£11,432,000",781,471,"£7,035,000",60.31,61.54,"£14,936"
SW,Torridge District Council,"£34,860,000",2368,1974,"£21,465,000",83.36,61.57,"£10,874"
NW,Halton Borough Council,"£20,134,000",1521,1048,"£12,400,000",68.90,61.59,"£11,832"
SE,Mole Valley District Council,"£19,340,000",1566,929,"£11,960,000",59.32,61.84,"£12,874"
WM,North Warwickshire Borough Council,"£13,118,000",1164,704,"£8,135,000",60.48,62.01,"£11,555"
SE,Surrey Heath Borough Council,"£16,046,000",1469,796,"£9,970,000",54.19,62.13,"£12,525"
E,Folkestone and Hythe District Council,"£28,808,000",2297,1551,"£18,090,000",67.52,62.80,"£11,663"
EM,Borough Council of Wellingborough,"£17,822,000",1704,971,"£11,195,000",56.98,62.82,"£11,529"
SE,West Oxfordshire District Council,"£26,874,000",2038,1383,"£16,920,000",67.86,62.96,"£12,234"
NW,Warrington Borough Council,"£36,552,000",2986,1811,"£23,015,000",60.65,62.97,"£12,708"
SW,Plymouth City Council,"£47,450,000",4107,2491,"£29,965,000",60.65,63.15,"£12,029"
YH,Scarborough Borough Council,"£68,310,000",5717,3720,"£43,170,000",65.07,63.20,"£11,605"
NW,Wyre Council,"£31,970,000",2743,1751,"£20,225,000",63.84,63.26,"£11,551"
E,South Norfolk Council,"£30,838,000",2721,1702,"£19,585,000",62.55,63.51,"£11,507"
YH,Hull City council,"£57,912,000",4341,3311,"£36,875,000",76.27,63.67,"£11,137"
E,Castle Point Borough Council,"£15,462,000",1343,864,"£9,855,000",64.33,63.74,"£11,406"
YH,East Riding of Yorkshire Council,"£87,102,000",7318,4979,"£55,715,000",68.04,63.97,"£11,190"
E,Huntingdonshire District Council,"£30,818,000",2654,1255,"£19,735,000",47.29,64.04,"£15,725"
NE,Darlington Borough Council,"£25,972,000",2137,1499,"£16,640,000",70.15,64.07,"£11,101"
NW,Rochdale Metropolitan Borough Council,"£46,660,000",4123,2665,"£29,905,000",64.64,64.09,"£11,221"
SE,Winchester City Council,"£29,154,000",1443,1443,"£18,690,000",100.00,64.11,"£12,952"
NE,Northumberland County Council,"£97,716,000",8122,5531,"£62,645,000",68.10,64.11,"£11,326"
EM,Broxtowe Borough Council,"£17,914,000",1501,951,"£11,505,000",63.36,64.22,"£12,098"
SE,Chichester District Council,"£37,086,000",3008,1915,"£23,830,000",63.66,64.26,"£12,444"
WM,Telford and Wrekin Council,"£35,240,000",2356,1928,"£22,655,000",81.83,64.29,"£11,751"
SW,Cornwall Council,"£281,452,000",23828,15947,"£181,925,000",66.93,64.64,"£11,408"
E,Ipswich Borough Council,"£26,458,000",2007,1418,"£17,105,000",70.65,64.65,"£12,063"
SE,Dartford Borough Council,"£13,820,000",1104,704,"£8,945,000",63.77,64.73,"£12,706"
L,London Borough of Greenwich,"£36,852,000",2862,1910,"£23,855,000",66.74,64.73,"£12,490"
NE,Newcastle City Council,"£63,782,000",5101,3292,"£41,545,000",64.54,65.14,"£12,620"
EM,Daventry District Council,"£15,402,000",1178,848,"£10,040,000",71.99,65.19,"£11,840"
NW,Cheshire West and Chester Council,"£71,084,000",5971,3880,"£46,360,000",64.98,65.22,"£11,948"
YH,Harrogate Borough Council,"£50,128,000",4233,2697,"£32,820,000",63.71,65.47,"£12,169"
E,Cambridge City Council,"£22,170,000",1359,917,"£14,555,000",67.48,65.65,"£15,872"
EM,North Kesteven District Council,"£22,310,000",1847,1325,"£14,720,000",71.74,65.98,"£11,109"
WM,Nuneaton and Bedworth Borough Council,"£21,680,000",1696,1166,"£14,330,000",68.75,66.10,"£12,290"
EM,West Lindsey District Council,"£18,664,000",1606,1114,"£12,340,000",69.36,66.12,"£11,077"
SE,Elmbridge Borough Council,"£24,062,000",1829,1144,"£15,955,000",62.55,66.31,"£13,947"
L,London Borough of Enfield,"£50,182,000",3512,2230,"£33,535,000",63.50,66.83,"£15,038"
E,Braintree District Council,"£31,570,000",2557,1819,"£21,100,000",71.14,66.84,"£11,600"
L,London Borough of Sutton,"£28,160,000",2009,1470,"£18,840,000",73.17,66.90,"£12,816"
NE,Hartlepool Borough Council,"£20,916,000",1551,1242,"£13,995,000",80.08,66.91,"£11,268"
E,Broadland District Council,"£26,242,000",2170,1553,"£17,570,000",71.57,66.95,"£11,314"
SE,Test Valley Borough Council,"£27,128,000",2368,1484,"£18,305,000",62.67,67.48,"£12,335"
NE,South Tyneside Council,"£28,196,000",2348,1660,"£19,075,000",70.70,67.65,"£11,491"
NW,Copeland Borough Council,"£18,032,000",1527,1048,"£12,205,000",68.63,67.69,"£11,646"
EM,Newark and Sherwood District Council,"£28,752,000",2100,1590,"£19,470,000",75.71,67.72,"£12,245"
E,Borough of Broxbourne Council,"£15,680,000",1290,840,"£10,635,000",65.12,67.83,"£12,661"
YH,Ryedale District Council,"£25,250,000",1939,1463,"£17,135,000",75.45,67.86,"£11,712"
WM,Warwick District Council,"£33,124,000",2599,1722,"£22,485,000",66.26,67.88,"£13,057"
E,Chelmsford City Council,"£31,282,000",2623,1568,"£21,260,000",59.78,67.96,"£13,559"
SE,Reigate and Banstead Borough Council,"£23,864,000",1773,1208,"£16,310,000",68.13,68.35,"£13,502"
YH,Selby District Council,"£17,278,000",1527,1049,"£11,855,000",68.70,68.61,"£11,301"
L,London Borough of Wandsworth,"£58,192,000",4200,2469,"£40,035,000",58.79,68.80,"£16,215"
NE,Stockton On Tees Borough Council,"£33,456,000",2476,2018,"£23,075,000",81.50,68.97,"£11,435"
L,London Borough of Merton,"£29,318,000",2052,1494,"£20,280,000",72.81,69.17,"£13,574"
SW,Gloucester City Council,"£21,780,000",1682,1248,"£15,130,000",74.20,69.47,"£12,123"
L,Kensington and Chelsea,"£40,964,000",2449,1484,"£28,505,000",60.60,69.59,"£19,208"
EM,Hinckley and Bosworth Borough Council,"£21,996,000",1818,1300,"£15,325,000",71.51,69.67,"£11,788"
SE,Reading Borough Council,"£24,730,000",1979,1275,"£17,265,000",64.43,69.81,"£13,541"
EM,South Kesteven District Council,"£31,698,000",2583,1834,"£22,150,000",71.00,69.88,"£12,077"
EM,Amber Valley Borough Council,"£28,948,000",2384,1600,"£20,275,000",67.11,70.04,"£12,672"
EM,Harborough District Council,"£19,106,000",1444,1014,"£13,500,000",70.22,70.66,"£13,314"
YH,Barnsley Metropolitan Borough Council,"£46,892,000",3910,3004,"£33,220,000",76.83,70.84,"£11,059"
EM,City of Lincoln Council,"£22,188,000",1857,1275,"£15,900,000",68.66,71.66,"£12,471"
SE,East Hampshire District Council,"£25,688,000",2172,1528,"£18,490,000",70.35,71.98,"£12,101"
NE,Gateshead Council,"£38,440,000",3213,2417,"£28,220,000",75.23,73.41,"£11,676"
NW,Ribble Valley Borough Council,"£18,926,000",1622,1252,"£14,035,000",77.19,74.16,"£11,210"
NE,Durham County Council,"£107,296,000",8697,7223,"£79,700,000",83.05,74.28,"£11,034"
YH,Hambleton District Council,"£30,866,000",2700,1999,"£22,945,000",74.04,74.34,"£11,478"
L,London Borough of Islington,"£57,768,000",3618,2606,"£43,535,000",72.03,75.36,"£16,706"
NW,Hyndburn Borough Council,"£24,558,000",1870,1724,"£18,635,000",92.19,75.88,"£10,809"
L,London Borough of Richmond,"£41,610,000",2900,1872,"£31,590,000",64.55,75.92,"£16,875"
WM,Wyre Forest District Council,"£22,546,000",1977,1463,"£17,120,000",74.00,75.93,"£11,702"
SE,Sevenoaks District Council,"£22,718,000",2054,1393,"£17,275,000",67.82,76.04,"£12,401"
E,Epping Forest District Council,"£29,770,000",2497,1974,"£22,860,000",79.05,76.79,"£11,581"
EM,North East Derbyshire District Council,"£19,690,000",1740,1380,"£15,150,000",79.31,76.94,"£10,978"
SW,Council of the Isles of Scilly,"£4,230,000",397,308,"£3,320,000",77.58,78.49,"£10,779"
YH,City of York Council,"£44,320,000",3555,2601,"£35,220,000",73.16,79.47,"£13,541"
EM,Rutland County Council,"£11,996,000",976,822,"£9,555,000",84.22,79.65,11624.08759
SE,Basingstoke and Deane Borough Council,"£19,716,000",1634,1219,"£16,105,000",74.60,81.68,"£13,212"
L,London Borough of Ealing,"£68,212,000",5000,4170,"£56,160,000",83.40,82.33,"£13,468"
SE,Hastings Borough Council,"£27,782,000",2456,1968,"£23,070,000",80.13,83.04,"£11,723"
L,Westminster City Council,"£78,090,000",4536,3795,"£66,690,000",83.66,85.40,"£17,573"
EM,Kettering Borough Council,"£17,922,000",1547,1275,"£15,615,000",82.42,87.13,"£12,247"